{"name":"Test Scene","fbWidth":320,"fbHeight":240,"fbFormat":0,"clearColor":[0.44354838132858276,0.44354838132858276,0.44354838132858276,1.0],"doClearColor":true,"doClearDepth":true}