{
"conf": {"name":"Scene A",
"fbWidth":320,
"fbHeight":240,
"fbFormat":0,"clearColor":[0.9677419662475586,0.9467204809188843,0.31607699394226074,1.0],
"doClearColor":true,
"doClearDepth":true},
"graph": {"id":0,
"name":"Scene",
"uuid":5151655023439922290,"pos":[0.0,0.0,0.0],"rot":[0.0,0.0,0.0,1.0],"scale":[1.0,1.0,1.0],"components":[],"children":[{"id":13,
"name":"Test 1",
"uuid":10013922054354267862,"pos":[1.0,0.0,0.0],"rot":[0.0,0.0,0.0,1.0],"scale":[1.0,1.0,1.0],"components":[{"id":0,
"name":"Code a","data":{"script":42}
},
{"id":0,
"name":"Code 2","data":{"script":1313}
}],"children":[]},
{"id":14,
"name":"Test 2",
"uuid":13070451526232468308,"pos":[0.0,0.0,0.0],"rot":[0.0,0.0,0.0,1.0],"scale":[1.0,1.0,1.0],"components":[{"id":0,
"name":"Update","data":{"script":0}
}],"children":[]}]}
}
