{
"conf": {"name":"Scene B",
"fbWidth":640,
"fbHeight":480,
"fbFormat":0,"clearColor":[0.29754164814949036,0.601962149143219,0.9838709831237793,1.0],
"doClearColor":true,
"doClearDepth":true},
"graph": {"id":0,
"name":"",
"uuid":0,"pos":[0.0,0.0,0.0],"rot":[0.0,0.0,0.0,1.0],"scale":[1.0,1.0,1.0],"components":[],"children":[{"id":1,
"name":"a",
"uuid":13219253809344067950,"pos":[0.0,0.0,0.0],"rot":[0.0,0.0,0.0,0.0],"scale":[0.0,0.0,0.0],"components":[{"id":0,
"uuid":7191568259539507672,
"name":"Code","data":{"script":14100591792882240448,"args":{"speed":"1",
"sceneId":"1"}}
}],"children":[]},
{"id":1,
"name":"New Object (1)",
"uuid":12326817384729818306,"pos":[0.0,0.0,0.0],"rot":[0.0,0.0,0.0,0.0],"scale":[0.0,0.0,0.0],"components":[],"children":[]}]}
}
