{
"conf": {"name":"a",
"fbWidth":320,
"fbHeight":240,
"fbFormat":0,"clearColor":[0.0,0.0,0.0,1.0],
"doClearColor":true,
"doClearDepth":true},
"graph": {"id":0,
"name":"Scene",
"uuid":4252910706,
"selectable":true,
"enabled":true,
"isGroup":true,"pos":[0.0,0.0,0.0],"rot":[0.0,0.0,0.0,0.0],"scale":[0.0,0.0,0.0],"components":[],"children":[{"id":1,
"name":"New Object (1)",
"uuid":2684658645,
"selectable":true,
"enabled":true,
"isGroup":false,"pos":[-88.85130310058594,104.21333312988281,-19.557479858398438],"rot":[0.0,0.0,0.0,1.0],"scale":[1.0,1.0,1.0],"components":[{"id":3,
"uuid":5431205547082698556,
"name":"Camera","data":{"vpOffset":[0,0],"vpSize":[320,240],
"fov":1.3089969158172607,
"near":0.10000000149011612,
"far":100.0}
},
{"id":0,
"uuid":15012252358809192226,
"name":"Code","data":{"script":14100591792882240448,"args":{"speed":"1",
"sceneId":"1"}}
},
{"id":2,
"uuid":11384908854475603457,
"name":"Light","data":{"index":0,
"type":0,"color":[0.0,0.12903237342834473,1.0,0.0]}
}],"children":[]},
{"id":2,
"name":"New Object (2)",
"uuid":2195344990,
"selectable":true,
"enabled":true,
"isGroup":false,"pos":[0.0,0.0,0.0],"rot":[0.0,0.0,0.0,1.0],"scale":[1.0,1.0,1.0],"components":[{"id":1,
"uuid":11390441016177597678,
"name":"Model","data":{"model":609763195473553947}
}],"children":[]}]}
}
